cluster_detailed,Direct - Media,Indirect - Media,Direct - Journalists,Indirect - Journalists,Direct - Politicians,Indirect - Politicians,Direct - Opinion Leaders,Indirect - Opinion Leaders,Peer Network
0.0,0.0,5.128205128205119,0.0,7.692307692307677,0.0,20.512820512820475,10.256410256410238,10.256410256410238,46.15384615384627
1.0,0.0,2.2978723404255312,0.0,4.085106382978723,0.6808510638297866,7.148936170212766,71.31914893617021,3.7446808510638285,10.723404255319146
2.0,5.076923076923077,7.538461538461536,0.0,15.076923076923077,5.230769230769232,22.769230769230774,17.384615384615383,9.846153846153841,17.076923076923087
3.1,16.293577981651378,6.018348623853211,9.614678899082568,14.642201834862387,6.201834862385322,17.504587155963304,12.807339449541283,7.559633027522936,9.357798165137607
3.2,14.191419141914194,5.799151343705798,15.134370579915137,10.655351249410659,8.345120226308346,18.293257897218293,16.45450259311645,7.307873644507308,3.8189533239038225
4.0,44.69735119347367,4.109175143518986,8.379494410313225,9.537717796354114,3.9581025279484354,12.498741061536915,10.514654043710344,4.89475274448585,1.4100110786584685
5.0,54.99335746441542,2.4255074558571104,6.407287644173798,16.21180498210812,2.8620234487260756,7.124691480104752,7.204403309617419,2.7709242149973123,0.0
6.0,89.84311875637341,0.7128386623069343,1.6240805540444831,2.382268668385769,0.6150530026893374,2.207955621494302,1.7941417470369097,0.8205429876688458,0.0
