Variable,Mean
race_Caucasian,0.8366035976820304
gender_Female,0.4960579089982293
age,41.68242055362936
party_score_Democrat,0.561614664377314
